Topic,Count,Name,Representation,Representative_Docs
0,33161,0_shares_free_owned_according,"['shares', 'free', 'owned', 'according', 'securities', 'report', 'recent', 'holdings', 'filing', 'stock']",
1,15992,1_stocks_semiconductor_tech_chip,"['stocks', 'semiconductor', 'tech', 'chip', 'dow', 'apple', 'buy', 'taiwan', 'tsmc', 'ai']",
2,6959,2_thursday_allaround_proved_session,"['thursday', 'allaround', 'proved', 'session', 'market', 'trading', 'underperforms', 'stock', 'outperforms', 'rises']",
3,11451,3_ceo_chief_executive_president,"['ceo', 'chief', 'executive', 'president', 'vice', 'officer', 'directors', 'leadership', 'board', 'wendys']",
4,10691,4_class_investors_action_pomerantz,"['class', 'investors', 'action', 'pomerantz', 'llp', 'alert', 'lawsuit', 'law', 'behalf', 'shareholder']",
5,11525,5_nfl_nba_sports_game,"['nfl', 'nba', 'sports', 'game', 'bonus', 'livewire', 'sxsw', 'divisional', 'league', 'coach']",
6,8821,6_series_waverly_season_movie,"['series', 'waverly', 'season', 'movie', 'game', 'streaming', 'cast', 'film', 'wizards', 'netflix']",
7,10786,7_police_charged_attendant_court,"['police', 'charged', 'attendant', 'court', 'flight', 'man', 'irobot', 'shooting', 'arrested', 'charges']",
8,11520,8_clinical_cancer_treatment_fda,"['clinical', 'cancer', 'treatment', 'fda', 'patent', 'therapeutics', 'oncology', '2024', 'drug', 'biopharmaceutical']",
9,14952,9_bitcoin_traded_dollar_etfs,"['bitcoin', 'traded', 'dollar', 'etfs', 'exchanges', 'spot', '1200', 'ending', '18th', 'crypto']",
10,12358,10_trading_day_change_market,"['trading', 'day', 'change', 'market', 'know', 'previous', 'session', 'closed', 'close', 'latest']",
11,8173,11_dividend_quarterly_declares_cash,"['dividend', 'quarterly', 'declares', 'cash', 'share', 'payable', 'declared', 'directors', 'board', 'common']",
12,5740,12_etf_shares_ishares_vanguard,"['etf', 'shares', 'ishares', 'vanguard', 'bond', 'portfolios', 'owned', 'diversified', 'exchange', 'free']",
13,5233,13_earnings_net_estimates_q4,"['earnings', 'net', 'estimates', 'q4', 'revenue', 'fnb', 'banner', 'income', 'hunt', 'million']",
14,29123,14_q4_estimates_ppg_metrics,"['q4', 'estimates', 'ppg', 'metrics', 'key', 'wall', 'earnings', 'ended', 'december', '2023']",
15,7396,15_usd_billion_size_market,"['usd', 'billion', 'size', 'market', 'cagr', 'grow', 'water', '2027', 'growth', '2022']",
16,6828,16_ai_google_meta_zuckerberg,"['ai', 'google', 'meta', 'zuckerberg', 'centre', 's24', 'galaxy', 'samsung', 'data', 'openai']",
17,15955,17_asx_momentum_investors_buy,"['asx', 'momentum', 'investors', 'buy', 'stock', 'limiteds', 'lets', 'pick', 'price', 'lucid']",
18,7203,18_biden_house_border_state,"['biden', 'house', 'border', 'state', 'senate', 'primary', 'court', 'trumps', 'threats', 'trump']",
19,6168,19_toll_brothers_homes_foods,"['toll', 'brothers', 'homes', 'foods', 'restaurant', 'shop', 'ipo', 'model', 'luxury', 'host']",
20,4761,20_banque_pictet_trading_cie,"['banque', 'pictet', 'trading', 'cie', 'sa', 'closed', 'day', 'session', 'stock', 'know']",
21,407,21_disney_snow_peltz_nelson,"['disney', 'snow', 'peltz', 'nelson', 'cold', 'tennessee', 'weather', 'ice', 'disneys', 'storm']",
22,15981,22_fourth_results_release_conference,"['fourth', 'results', 'release', 'conference', '2023', 'quarter', 'february', '2024', 'webcast', 'earnings']",
23,2629,23_shares_olympiad_beck_bode,"['shares', 'olympiad', 'beck', 'bode', 'llc', 'research', 'lp', 'free', 'according', 'recent']",
24,6216,24_digital_platform_doximity_solutions,"['digital', 'platform', 'doximity', 'solutions', 'indie', 'customer', 'industry', 'iot', 'transact', 'control4']",
25,4120,25_rates_mortgage_rate_banks,"['rates', 'mortgage', 'rate', 'banks', 'lowest', 'cuts', 'level', 'inflation', 'regional', 'ameris']",
26,3027,26_buy_canada_coffee_prime,"['buy', 'canada', 'coffee', 'prime', 'amazoncom', 'amazon', 'best', 'bell', 'electronics', 'consumer']",
27,2096,27_boeing_airlines_max_insurance,"['boeing', 'airlines', 'max', 'insurance', '737', 'seacoast', 'order', 'coastal', 'sabre', 'corporation']",
28,3359,28_trust_tax_distributions_2023,"['trust', 'tax', 'distributions', '2023', 'adams', 'realty', 'distribution', 'nyse', 'announces', 'reit']",
29,1743,29_minerals_lithium_piedmont_firstquarter,"['minerals', 'lithium', 'piedmont', 'firstquarter', 'compass', 'resources', 'atlantic', 'assore', 'pll', 'vancouver']",
30,5538,30_battery_daimler_cummins_mississippi,"['battery', 'daimler', 'cummins', 'mississippi', 'paccar', 'truck', 'production', 'ev', 'electric', 'accelera']",
31,3120,31_apple_app_vision_pro,"['apple', 'app', 'vision', 'pro', 'oxygen', 'users', 'viewsonic', 'microsoft', 'spotify', 'teamwork']",
32,186,32_solar_funding_orlando_decade,"['solar', 'funding', 'orlando', 'decade', 'musk', 'shark', 'elon', 'manatee', 'seaworld', 'raise']",
33,275,33_ufj_mitsubishi_uk_asset,"['ufj', 'mitsubishi', 'uk', 'asset', 'jpmorgan', 'management', 'chase', 'mcdonalds', 'shares', 'jamie']",
34,3404,34_ai_super_gaming_computer,"['ai', 'super', 'gaming', 'computer', 'gigabyte', 'ces', 'oled', 'graphics', 'laptops', 'cards']",
35,107,35_humana_fastenal_fastly_medicare,"['humana', 'fastenal', 'fastly', 'medicare', 'hum', 'fourth', 'advantage', 'financial', 'results', '2023']",
36,721,36_bank_metropolitan_beat_holding,"['bank', 'metropolitan', 'beat', 'holding', 'mcb', 'penn', 'earnings', 'mid', 'possesses', 'ingredients']",
37,256,37_spirit_airlines_jetblue_colony,"['spirit', 'airlines', 'jetblue', 'colony', 'lancaster', 'debt', 'restructuring', 'judge', 'second', 'blocked']",
38,535,38_layoffs_game_developers_survey,"['layoffs', 'game', 'developers', 'survey', 'arena', 'pichai', 'staff', 'gdc', 'sundar', 'tech']",
39,579,39_firm_schall_law_litigation,"['firm', 'schall', 'law', 'litigation', 'action', 'encourages', 'rights', 'accesswire', 'contact', 'investors']",
40,129,40_college_peabody_scholarship_timing,"['college', 'peabody', 'scholarship', 'timing', 'spelman', 'service', 'anschutz', 'nmg', 'energy', 'donation']",
41,129,41_moon_lab_rocket_lunar,"['moon', 'lab', 'rocket', 'lunar', 'date', 'lander', 'mission', 'peregrine', 'missions', 'astrobotic']",
42,402,42_rate_variable_frn_isin,"['rate', 'variable', 'frn', 'isin', 'fix', 'maturing', 'citibank', 'regulatory', 'announcement', 'advised']",
43,13,43_ozk_bank_azek_little,"['ozk', 'bank', 'azek', 'little', 'earnings', 'rock', 'ark', 'comments', 'ozks', 'q4']",
44,12,44_charcuterie_trays_salmonella_warning,"['charcuterie', 'trays', 'salmonella', 'warning', 'meat', 'cdc', 'snack', 'double', 'cases', 'sams']",
45,11,45_spacemobile_ast_att_vodafone,"['spacemobile', 'ast', 'att', 'vodafone', 'asts', 'offering', '100000000', 'strategic', 'google', 'secures']",
46,16,46_npci_paycom_payments_india,"['npci', 'paycom', 'payments', 'india', 'software', 'payroll', 'google', 'international', 'upi', 'para']",
47,40,47_logic_cirrus_fiscal_crus,"['logic', 'cirrus', 'fiscal', 'crus', 'results', 'lima', 'credicorp', 'carters', 'cri', 'post']",
48,15,48_affirm_afrm_empowers_helps,"['affirm', 'afrm', 'empowers', 'helps', 'payment', 'publi', 'consumers', 'merchants', 'network', 'second']",
49,99,49_expedia_expe_february_2023,"['expedia', 'expe', 'february', '2023', 'webcast', 'group', 'fourth', 'results', '31', 'ended']",
50,552,38_microsoft_russian_hackers_leadership,"['microsoft', 'russian', 'hackers', 'leadership', 'accessed', 'email', 'emails', 'accounts', 'senior', 'says']",
51,1081,41_engine_plane_boeing_landing,"['engine', 'plane', 'boeing', 'landing', 'emergency', '747', 'miami', 'cargo', 'flight', 'atlas']",
52,1153,17_rat_town_beautiful_city,"['rat', 'town', 'beautiful', 'city', 'named', 'best', 'pretty', 'beach', 'historic', 'attendant']",
53,11,49_temple_ram_ceremony_ayodhya,"['temple', 'ram', 'ceremony', 'ayodhya', 'begin', 'bjp', 'event', 'consecration', 'guest', 'temples']",
54,78,30_borgwarner_auto_facilitator_automotive,"['borgwarner', 'auto', 'facilitator', 'automotive', 'like', 'sharon', 'morning', 'time', 'rosner', 'gmtemmanuel']",
55,78,38_chipotle_grill_mexican_0830pm,"['chipotle', 'grill', 'mexican', '0830pm', 'results', 'instructions', 'operator', 'afternoon', 'good', 'consumer']",
56,8,41_turbotax_intuit_ftc_advertising,"['turbotax', 'intuit', 'ftc', 'advertising', 'deceptive', 'taxpayers', 'free', 'maker', 'qualify', 'consumers']",
57,21,42_johnson_talc_powder_resolve,"['johnson', 'talc', 'powder', 'resolve', '700', 'baby', 'settle', 'tentative', 'jj', 'claims']",
58,8,44_ita_european_indepth_italian,"['ita', 'european', 'indepth', 'italian', 'airways', 'competitive', 'lufthansas', 'lufthansa', 'planned', 'vivendi']",
59,7,46_caci_task_army_382,"['caci', 'task', 'army', '382', 'order', 'signals', 'fiveyear', 'systems', 'warfare', 'selects']",
60,6,47_bearings_rbc_8th_rbcp,"['bearings', 'rbc', '8th', 'rbcp', 'engineered', 'components', 'highly', 'precision', 'essential', 'sy']",
61,5,49_trace3_generational_wind_informatics,"['trace3', 'generational', 'wind', 'informatics', 'tail', 'equity', 'advises', 'client', 'sale', 'acquired']",
62,11,46_millichap_marcus_mmi_specializing,"['millichap', 'marcus', 'mmi', 'specializing', 'res', 'financing', '16', 'friday', 'brokerage', 'commercial']",
63,3591,30_liverpool_klopp_jurgen_club,"['liverpool', 'klopp', 'jurgen', 'club', 'end', 'manager', 'season', 'leave', 'boss', 'guardiola']",
64,95,43_teams_users_outage_microsoft,"['teams', 'users', 'outage', 'microsoft', 'access', 'downdetector', 'features', 'platform', 'thousands', 'issues']",
65,15,45_painting_stolen_returned_mobsters,"['painting', 'stolen', 'returned', 'mobsters', 'later', 'british', 'century', 'son', '18th', '1969']",
66,46,34_cruise_ship_worlds_largest,"['cruise', 'ship', 'worlds', 'largest', 'voyage', 'maiden', 'miami', 'seas', 'icon', 'methane']",
67,25,40_mcmahon_vince_wwe_sexual,"['mcmahon', 'vince', 'wwe', 'sexual', 'tko', 'trafficking', 'assault', 'resigns', 'allegations', 'sex']",
68,10,48_turkey_sale_fighter_f16,"['turkey', 'sale', 'fighter', 'f16', 'nato', 'jet', 'jets', 'greece', 'swedens', 'congress']",
69,38,40_toyota_corolla_owners_air,"['toyota', 'corolla', 'owners', 'air', 'matrix', '50000', 'bag', 'models', 'rav4', 'driving']",
70,31,43_sleep_apnea_machines_philips,"['sleep', 'apnea', 'machines', 'philips', 'recalled', 'devices', 'agrees', 'halt', 'sales', 'recall']",
71,29,44_norfolk_southern_safety_federal,"['norfolk', 'southern', 'safety', 'federal', 'anonymous', 'discipline', 'hotline', 'freight', 'engineers', 'workers']",
72,14,47_station_space_northrop_cargo,"['station', 'space', 'northrop', 'cargo', 'computer2', 'mission', 'international', 'spaceborne', 'nasa', 'grumman']",
73,6,49_ngl_partners_energy_announces,"['ngl', 'partners', 'energy', 'announces', 'earnings', '2024ngl', 'tulsa', 'okla', 'january', '30']",
74,309,23_desantis_judge_lawsuit_disneys,"['desantis', 'judge', 'lawsuit', 'disneys', 'disney', 'ron', 'florida', 'dismissed', 'gov', 'dismisses']",
75,582,32_tesla_package_elon_pay,"['tesla', 'package', 'elon', 'pay', 'musks', 'musk', 'delaware', '56', 'billion', 'court']",
76,321,45_formula_andretti_f1_andrettis,"['formula', 'andretti', 'f1', 'andrettis', 'rejected', 'bid', 'team', '2025', '2026', 'rejects']",
77,5,49_tucson_road_grant_widening,"['tucson', 'road', 'grant', 'widening', 'granites', 'nysegva', 'contract', 'venice', 'widen', 'verde']",
78,10,42_delta_skymiles_cards_fees,"['delta', 'skymiles', 'cards', 'fees', 'credit', 'benefits', 'card', 'rewards', 'express', 'amex']",
79,8,43_54_symptomatic_preventing_covid19,"['54', 'symptomatic', 'preventing', 'covid19', 'effective', 'cdc', 'vaccines', 'shots', 'symptoms', 'infection']",
80,23,38_weathers_carl_rocky_movies,"['weathers', 'carl', 'rocky', 'movies', 'mandalorian', 'died', '76', 'dies', 'creed', 'starred']",
81,18,40_joe_rogan_spotify_podcast,"['joe', 'rogan', 'spotify', 'podcast', 'deal', 'multiyear', 'podcaster', 'rogans', 'exclusive', 'youtube']",
82,46,41_hsbc_plc_balance_bank,"['hsbc', 'plc', 'balance', 'bank', 'redemption', 'repurchases', 'os', 'paying', 'agent', 'issuer']",
83,1896,22_train_derailment_palestine_ohio,"['train', 'derailment', 'palestine', 'ohio', 'safety', 'east', 'rail', 'fiery', 'railroads', 'derailments']",
84,25,42_minister_nationalist_michelle_oneill,"['minister', 'nationalist', 'michelle', 'oneill', 'sinn', 'northern', 'ireland', 'appointed', 'feins', 'dup']",
85,433,25_awards_grammy_grammys_66th,"['awards', 'grammy', 'grammys', '66th', '2024', 'watch', 'victoria', 'carpet', 'swift', 'taylor']",
86,827,30_facebook_social_black_media,"['facebook', 'social', 'black', 'media', 'parents', 'kids', 'asylum', 'online', '20', 'love']",
87,53,47_central_turkeys_governor_bank,"['central', 'turkeys', 'governor', 'bank', 'gaye', 'karahan', 'hafize', 'turkey', 'erkan', 'chief']",
88,84,37_king_cancer_charles_diagnosis,"['king', 'cancer', 'charles', 'diagnosis', 'diagnosed', 'prince', 'palace', 'harry', 'iii', 'monarch']",
89,21,42_posen_creative_zac_gap,"['posen', 'creative', 'zac', 'gap', 'fashion', 'designer', 'director', 'jolly', 'lakeland', 'scarpe']",
90,47,33_carano_mandalorian_gina_disney,"['carano', 'mandalorian', 'gina', 'disney', 'actor', 'elon', 'musk', 'sues', 'lucasfilm', 'fired']",
91,6,47_imaging_preclinical_bruker_spectral,"['imaging', 'preclinical', 'bruker', 'spectral', 'optical', 'instruments', 'invivo', 'leader', 'brkr', 'imagi']",
92,6,48_paragon_28_orthopedic_exclusively,"['paragon', '28', 'orthopedic', 'exclusively', 'fna', 'ankle', 'foot', 'device', '29', 'focused']",
93,29,42_bird_blue_blbd_lowemission,"['bird', 'blue', 'blbd', 'lowemission', 'fiscal', 'buses', 'quarte', 'raises', 'school', '2024']",
94,8,43_foundation_aspen_alcoa_medical,"['foundation', 'aspen', 'alcoa', 'medical', 'training', 'ukraine', 'prosthetics', 'rehabilitation', 'prosthetic', 'limbs']",
95,6,48_lineup_fiberon_product_cladding,"['lineup', 'fiberon', 'product', 'cladding', 'color', 'railing', 'cityside', 'wildwood', 'builders', 'composite']",
96,5,49_domo_falvey_actionable_insurance,"['domo', 'falvey', 'actionable', 'insurance', 'experiences', 'data', 'create', 'chosen', 'selects', 'disparate']",
97,22,42_austin_defense_bladder_secretary,"['austin', 'defense', 'bladder', 'secretary', 'issue', 'pentagon', 'hospitalized', 'lloyd', 'emergent', 'walter']",
98,9,48_remington_village_guns_leaves,"['remington', 'village', 'guns', 'leaves', 'happens', 'shotguns', 'rifles', 'centuries', 'began', 'plant']",
99,9,49_palestine_east_travel_biden,"['palestine', 'east', 'travel', 'biden', 'president', 'derailment', 'train', 'joe', 'norfolk', 'year']",
100,20,44_firstenergy_indicted_ohio_bribery,"['firstenergy', 'indicted', 'ohio', 'bribery', 'executives', 'jones', 'chuck', 'scheme', '60', 'attorney']",
101,10,49_safety_cruise_kenner_unit,"['safety', 'cruise', 'kenner', 'unit', 'robotaxi', 'ford', 'chief', 'motors', 'gm', 'steve']",
102,5,49_vimly_rubicon_strategic_partners,"['vimly', 'rubicon', 'strategic', 'partners', 'allows', 'technology', 'investment', 'benefit', 'accelerate', 'innovation']",
103,20,39_renesas_altium_design_electronics,"['renesas', 'altium', 'design', 'electronics', 'acquire', 'software', 'billion', 'chipmaker', 'buy', '59']",
104,14,41_orthopaedic_aaos_md_surgeons,"['orthopaedic', 'aaos', 'md', 'surgeons', 'academy', 'faaos', 'dermatology', 'american', 'kobic', 'dr']",
105,11,42_post_96_poptarts_william,"['post', '96', 'poptarts', 'william', 'played', 'died', 'michigan', 'dies', 'role', 'age']",
106,25,49_buenaventura_lima_bvn_minas,"['buenaventura', 'lima', 'bvn', 'minas', 'saa', 'buelm', 'perus', 'publiclytraded', 'metal', 'preci']",
107,30,39_wells_fargo_order_restrictions,"['wells', 'fargo', 'order', 'restrictions', 'consent', '2016', 'fixed', 'saying', 'crater', 'scandal']",
108,12,46_vacations_hilton_grand_report,"['vacations', 'hilton', 'grand', 'report', 'fourth', 'year', 'results', '2023', 'quarter', '2024hilton']",
109,6,49_puma_biotechnology_discuss_host,"['puma', 'biotechnology', 'discuss', 'host', 'conference', '130', 'pt', '29', 'pm', 'fourth']",
110,52,43_grants_kemper_bilingual_awarded,"['grants', 'kemper', 'bilingual', 'awarded', 'identity', 'foundation', 'conmigo', 'foundations', 'teachers', 'literacy']",
111,24,44_food_xolair_allergies_fda,"['food', 'xolair', 'allergies', 'fda', 'drug', 'asthma', 'severe', 'treat', 'allergic', 'used']",
112,41,47_goldman_solomon_david_24,"['goldman', 'solomon', 'david', '24', 'solomons', 'pay', 'ceo', 'million', 'sachs', '31']",
113,34,49_neural_keysight_design_flow,"['neural', 'keysight', 'design', 'flow', 'nvidia', 'receiver', 'congress', 'collaborated', 'receivers', '6g']",
114,12,49_centa_teaching_olympiad_professionals,"['centa', 'teaching', 'olympiad', 'professionals', 'international', 'accreditation', 'tpo', 'proud', 'teacher', 'brings']",
115,13,49_maps_legislative_democratic_republicans,"['maps', 'legislative', 'democratic', 'republicans', 'wisconsin', 'law', 'legislature', 'evers', 'gov', 'governor']",
116,49,40_odds_lpga_thailand_honda,"['odds', 'lpga', 'thailand', 'honda', 'preview', 'betting', 'stats', '2225', '2024', 'february']",
117,14,41_jack_box_taco_del,"['jack', 'box', 'taco', 'del', '10store', 'orlando', 'michigan', 'fl', 'sales', 'qsr']",
118,12,44_application_california_waymo_robotaxi,"['application', 'california', 'waymo', 'robotaxi', 'june', 'peninsula', 'suspended', '19', 'san', 'expand']",
119,7,47_atomera_atom_incorporated_soitec,"['atomera', 'atom', 'incorporated', 'soitec', 'rf', 'paper', 'edtm', 'ieee', 'jose', 'joint']",
120,41,49_japan_tsmc_plant_chip,"['japan', 'tsmc', 'plant', 'chip', 'giant', 'taiwan', 'build', 'expansion', 'semiconductor', 'help']",
121,144,27_gillis_family_pat_kaswan,"['gillis', 'family', 'pat', 'kaswan', 'shane', 'renee', 'love', 'friends', 'veterinary', 'snl']",
122,80,40_outage_att_customers_service,"['outage', 'att', 'customers', 'service', 'network', 'credit', 'impacted', 'letter', 'billing', 'wireless']",
123,19,46_alumina_alcoa_partner_australian,"['alumina', 'alcoa', 'partner', 'australian', 'allstock', 'acquire', 'limited', 'agreement', 'terms', 'process']",
124,11,45_staar_surgical_staa_evo,"['staar', 'surgical', 'staa', 'evo', 'icl', 'collamer', 'marketer', 'implantable', 'lenses', '001']",
125,7,47_westlake_roofing_royal_durable,"['westlake', 'roofing', 'royal', 'durable', 'efficient', 'building', 'products', 'nysewlk', 'components', 'unveil']",
126,5,49_electrifying_murata_landscape_launches,"['electrifying', 'murata', 'landscape', 'launches', 'semiconductor', 'systems', 'power', 'ignites', 'innovation', '2024murata']",
127,203,32_kbro_linen_0100pm_ladies,"['kbro', 'linen', '0100pm', 'ladies', 'gentlemen', '2019', '2020', 'transcript', 'welcome', 'systems']",
128,276,44_banca_ifis_spa_chorus,"['banca', 'ifis', 'spa', 'chorus', 'joining', 'operator', 'afternoon', 'thank', 'gmtoperator', 'good']",
129,628,47_anima_holding_spa_chorus,"['anima', 'holding', 'spa', 'chorus', 'joining', 'afternoon', 'operator', 'thank', 'gmtoperator', 'good']",
130,10,47_netdragon_websoft_zhou_gmtmaggie,"['netdragon', 'websoft', 'zhou', 'gmtmaggie', 'friends', 'dear', '0200am', 'holdings', 'senior', 'limited']",
131,5,49_natuzzi_natuzzis_commitment_organization,"['natuzzi', 'natuzzis', 'commitment', 'organization', 'confirmed', 'expansion', 'evolution', 'retail', 'americas', 'italy']",
132,49,44_asr_nederland_nv_supervisory,"['asr', 'nederland', 'nv', 'supervisory', 'year', 'recorded', 'day', 'half', 'independent', 'meeting']",
133,49,48_polska_bnp_paribas_sa,"['polska', 'bnp', 'paribas', 'sa', 'bank', 'gdanski', 'gmtprzemyslaw', 'board', 'president', 'interpreted']",
134,176,30_citycon_oyj_citycons_jauhiainen,"['citycon', 'oyj', 'citycons', 'jauhiainen', 'ir', 'gmtsakari', 'audiocast', 'gmtlaura', '0700am', 'good']",
135,211,32_polsat_cyfrowy_sa_floor,"['polsat', 'cyfrowy', 'sa', 'floor', 'gentlemen', 'results', 'ladies', 'plus', '0300pm', '0200pm']",
136,136,34_caverion_oyj_gmtmilena_hggstrm,"['caverion', 'oyj', 'gmtmilena', 'hggstrm', 'external', 'head', 'ir', 'communications', 'everybody', 'news']",
137,20,41_enbw_energie_baden_wuerttemberg,"['enbw', 'energie', 'baden', 'wuerttemberg', 'thank', 'chorus', 'ag', 'joining', 'standing', '1100am']",
138,25,47_crest_nicholson_plc_holdings,"['crest', 'nicholson', 'plc', 'holdings', 'jun', 'year', '30th', 'hello', 'jan', '0800am']",
139,13,44_birth_control_pill_overthecounter,"['birth', 'control', 'pill', 'overthecounter', 'stores', 'opill', 'available', 'perrigo', 'expected', 'prescription']",
140,119,47_rushydro_ifrs_hydrogenerating_pao,"['rushydro', 'ifrs', 'hydrogenerating', 'pao', '0100pm', 'conference', 'federal', 'request', '2019', 'gmtoperator']",
141,5,49_investigative_dns_nicar_domaintools,"['investigative', 'dns', 'nicar', 'domaintools', 'footprints', 'journalists', 'journalism', 'stories', 'discover', 'using']",
142,5,49_mixedcase_depal_osaro_replenishment,"['mixedcase', 'depal', 'osaro', 'replenishment', 'robotic', 'warehouse', 'selects', 'robotics', 'dac', 'integrated']",
143,9,49_chevron_ecuador_cvx_eaton,"['chevron', 'ecuador', 'cvx', 'eaton', 'verizon', 'indigenous', 'jungle', 'ecuadorian', 'oils', 'illness']",
144,16,49_openai_altman_sam_board,"['openai', 'altman', 'sam', 'board', 'ceo', 'confidence', 'investigation', 'directors', 'ouster', 'reinstates']",
145,17,47_study_phase_patients_cream,"['study', 'phase', 'patients', 'cream', 'evaluating', 'incyte', 'data', 'hidradenitis', 'suppurativa', 'opzelura']",
146,6,49_authors_copyrighted_nemo_works,"['authors', 'copyrighted', 'nemo', 'works', 'nvidia', 'books', 'train', 'sued', 'ai', 'dataset']",
147,18,44_cameras_airbnb_indoor_security,"['cameras', 'airbnb', 'indoor', 'security', 'listings', 'use', 'banning', 'platforms', 'worldwide', 'policy']",
148,6,48_hibbett_details_release_hibb,"['hibbett', 'details', 'release', 'hibb', 'athleticinspired', 'nasdaqgs', 'fashion', 'retailer', 'fourth', 'yearend']",
149,12,49_sonendo_gentlewave_sonx_dental,"['sonendo', 'gentlewave', 'sonx', 'dental', 'otcqx', 'developer', 'issues', 'year', 'guidance', 'leading']",
150,72,41_boeing_dead_barnett_whistleblower,"['boeing', 'dead', 'barnett', 'whistleblower', 'john', 'carolina', 'manager', 'raised', 'safety', 'south']",
151,6,48_fubo_carriage_sports_masn,"['fubo', 'carriage', 'sports', 'masn', 'agreement', 'midatlantic', 'fubotv', 'streaming', 'network', 'expand']",
152,13,46_beach_turtle_pdp_transformational,"['beach', 'turtle', 'pdp', 'transformational', 'accessories', 'dutch', 'intention', 'reverse', 'comp', 'auction']",
153,121,39_tiktok_ban_app_mnuchin,"['tiktok', 'ban', 'app', 'mnuchin', 'house', 'chinese', 'passed', 'buy', 'social', 'users']",
154,6,48_torrid_intimates_curv_directtoconsumer,"['torrid', 'intimates', 'curv', 'directtoconsumer', 'accessories', 'wom', 'apparel', 'reporting', 'date', 'america']",
155,23,41_uber_minneapolis_lyft_minimum,"['uber', 'minneapolis', 'lyft', 'minimum', 'drivers', 'wage', 'council', 'operations', 'halt', 'rideshare']",
156,5,48_idgenetix_interactions_recommendations_medication,"['idgenetix', 'interactions', 'recommendations', 'medication', '65', 'castle', 'patients', 'test', 'pgx', 'drugdrug']",
157,101,33_patricks_st_day_parades,"['patricks', 'st', 'day', 'parades', 'irish', 'green', 'guinness', 'marshal', 'holiday', 'major']",
158,101,35_sabha_lok_elections_polls,"['sabha', 'lok', 'elections', 'polls', 'election', 'minister', 'bjp', 'seats', 'india', 'assembly']",
159,75,42_nhl_odds_goalscorer_goal,"['nhl', 'odds', 'goalscorer', 'goal', 'anytime', 'score', 'bets', 'march', 'players', 'action']",
160,60,47_404_directory_file_foundserver,"['404', 'directory', 'file', 'foundserver', 'chan', 'error', 'removed', 'resource', 'looking', 'transcript']",
161,333,35_meghan_brand_lifestyle_riviera,"['meghan', 'brand', 'lifestyle', 'riviera', 'princess', 'orchard', 'prince', 'kate', 'middleton', 'markle']",
162,126,45_countries_20_skip_article,"['countries', '20', 'skip', 'article', 'foreign', 'directly', 'biggest', 'cities', 'detailed', 'travel']",
163,94,46_bonus_nc_code_promo,"['bonus', 'nc', 'code', 'promo', 'fanduel', 'newsnc', '250', 'bet', 'bet365', 'betmgm']",
164,10,48_harley_rebel_cockney_steve,"['harley', 'rebel', 'cockney', 'steve', 'smile', '73', 'hit', 'singer', 'dies', 'cancer']",
165,16,39_waste_antony_handling_cell,"['waste', 'antony', 'handling', 'cell', 'clorox', 'saudi', 'plants', 'landfill', 'achieves', 'zero']",
166,56,43_varroc_engineering_jain_gmttarang,"['varroc', 'engineering', 'jain', 'gmttarang', '1130am', '2022', 'ambit', 'instru', 'limited', 'tarang']",
167,152,30_nike_adidas_german_dfb,"['nike', 'adidas', 'german', 'dfb', '2027', 'shoes', 'nysenke', 'ends', 'longstanding', 'partnership']",
168,5,49_stevie_finalist_trupanion_named,"['stevie', 'finalist', 'trupanion', 'named', 'awards', 'categories', 'sales', 'cats', 'trup', 'dogs']",
169,84,35_cannabis_farms_organic_canopy,"['cannabis', 'farms', 'organic', 'canopy', 'marijuana', 'use', 'conventional', 'farming', 'study', 'growth']",
170,44,40_estate_real_compass_575,"['estate', 'real', 'compass', '575', 'lawsuits', 'pay', 'settlement', 'commissions', 'scams', 'agrees']",
171,6,49_400g800g_optical_hyper_photonix,"['400g800g', 'optical', 'hyper', 'photonix', 'networking', 'ofc', 'cuttingedge', 'showcasing', 'showcase', 'photonics']",
172,232,43_china_commerce_chinese_cook,"['china', 'commerce', 'chinese', 'cook', 'minister', 'countries', 'visit', 'tim', 'apple', 'hynix']",
173,16,47_chickfila_antibiotics_pledge_chain,"['chickfila', 'antibiotics', 'pledge', 'chain', 'supply', 'fastfood', 'human', 'livestock', 'intended', 'decadeold']",
174,28,46_union_train_drivers_bahn,"['union', 'train', 'drivers', 'bahn', 'deutsche', 'dispute', 'operator', 'railway', 'gdl', 'strikes']",
175,7,48_plan_arc_competitiveness_drive,"['plan', 'arc', 'competitiveness', 'drive', 'nissan', 'value', 'business', 'profitability', 'strengthen', 'enhance']",
176,6,49_casino_crown_melbourne_resorts,"['casino', 'crown', 'melbourne', 'resorts', 'licence', 'license', 'blackstoneowned', 'gambling', 'victorian', 'fit']",
177,413,12_bridge_baltimore_collapse_port,"['bridge', 'baltimore', 'collapse', 'port', 'ship', 'francis', 'cargo', 'scott', 'key', 'coal']",
178,36,38_shanahan_nicole_kennedy_jr,"['shanahan', 'nicole', 'kennedy', 'jr', 'robert', 'mate', 'running', 'presidential', 'rfk', 'attorney']",
179,242,39_mastercard_visa_casino_card,"['mastercard', 'visa', 'casino', 'card', 'settlement', 'fees', 'merchants', 'online', 'judge', 'credit']",
180,8,47_ouster_oust_robotics_lidar,"['ouster', 'oust', 'robotics', 'lidar', 'highperformance', 'sensors', 'revenue', 'record', 'automotive', 'industrial']",
181,6,49_oil_county_governments_suing,"['oil', 'county', 'governments', 'suing', 'climate', 'industry', 'local', 'philadelphia', 'producers', 'suburban']",
182,13,48_clocks_second_faster_timekeepers,"['clocks', 'second', 'faster', 'timekeepers', 'subtract', 'earth', 'spinning', 'world', 'cause', 'earths']",
183,13,44_nolan_christopher_knighthood_emma,"['nolan', 'christopher', 'knighthood', 'emma', 'thomas', 'damehood', 'oppenheimer', 'receive', 'wife', 'director']",
184,17,35_mcmillan_shakespeare_1100pm_conn,"['mcmillan', 'shakespeare', '1100pm', 'conn', 'ashley', 'gmt', 'kurincic', 'poetry', 'participants', 'corporate']",
185,17,36_synlait_milk_lynch_gmthannah,"['synlait', 'milk', 'lynch', 'gmthannah', 'affairs', 'hannah', 'manager', 'synlaits', '1000pm', 'year']",
186,42,37_party_leader_unionist_charged,"['party', 'leader', 'unionist', 'charged', 'donaldson', 'dup', 'northern', 'irelands', 'historical', 'jeffrey']",
187,14,41_gossett_actor_louis_87,"['gossett', 'actor', 'louis', '87', 'oscar', 'supporting', 'jr', 'black', 'win', 'man']",
188,67,24_easter_open_hours_store,"['easter', 'open', 'hours', 'store', 'sunday', 'know', 'need', 'holiday', 'stores', '2024']",
189,50,40_perdomo_actor_chance_gen,"['perdomo', 'actor', 'chance', 'gen', 'motorcycle', 'sabrina', 'star', '27', 'adventures', 'chilling']",
190,19,42_costco_sams_best_tequila,"['costco', 'sams', 'best', 'tequila', 'club', 'wines', '15', 'wine', 'article', 'brands']",
191,30,31_canterbury_archbishop_king_easter,"['canterbury', 'archbishop', 'king', 'easter', 'church', 'welby', 'justin', 'kate', 'message', 'sermon']",
192,8,48_fast_food_workers_wage,"['fast', 'food', 'workers', 'wage', 'monday', 'california', 'minimum', '20', 'set', 'hour']",
193,94,37_google_browsing_billions_incognito,"['google', 'browsing', 'billions', 'incognito', 'settlement', 'data', 'lawsuit', 'records', 'destroy', 'settle']",
194,11,47_motogp_liberty_racing_media,"['motogp', 'liberty', 'racing', 'media', 'motorcycle', 'f1', 'formula', 'owns', 'portfolio', 'dorna']",
195,217,41_gaza_killed_aid_israeli,"['gaza', 'killed', 'aid', 'israeli', 'workers', 'airstrike', 'world', 'kitchen', 'friends', 'charity']",
196,261,44_eclipse_solar_total_kreme,"['eclipse', 'solar', 'total', 'kreme', 'krispy', 'promotions', 'glasses', 'skies', 'sunchips', 'roll']",
197,10,47_fraser_west_mercer_cariboo,"['fraser', 'west', 'mercer', 'cariboo', 'pulp', 'paper', 'venture', 'joint', 'timber', 'dissolution']",
198,16,45_biden_girls_winona_asthma,"['biden', 'girls', 'winona', 'asthma', 'women', 'bernie', 'sanders', 'inhalers', 'white', 'comprehensive']",
199,35,42_steamers_injuries_burn_recall,"['steamers', 'injuries', 'burn', 'recall', 'dozens', 'clothing', 'black', 'decker', 'spewing', 'hot']",
200,6,47_orchid_island_nyseorc_capital,"['orchid', 'island', 'nyseorc', 'capital', 'announce', 'results', 'quarter', '2024orchid', 'vero', 'reit']",
201,10,49_lattice_functional_newtec_lscc,"['lattice', 'functional', 'newtec', 'lscc', 'programmable', 'applications', 'safety', 'industrial', 'automotive', 'expanded']",
202,20,43_earthquake_memes_felt_new,"['earthquake', 'memes', 'felt', 'new', 'york', 'feel', 'city', 'jersey', 'east', 'northeast']",
203,77,31_hong_kong_health_lead,"['hong', 'kong', 'health', 'lead', 'maui', 'postmasters', 'post', 'materials', 'nhs', 'office']",
204,13,47_kinnear_wimbledon_joe_cup,"['kinnear', 'wimbledon', 'joe', 'cup', 'dies', '77', 'newcastle', 'manager', 'aged', 'tottenham']",
205,20,43_nursing_jonas_doctoral_aacn,"['nursing', 'jonas', 'doctoral', 'aacn', 'parents', 'education', 'forage', 'coaching', 'eab', 'students']",
206,14,44_scrabble_game_version_accessible,"['scrabble', 'game', 'version', 'accessible', 'wordbuilding', 'mattel', 'makeover', 'bit', 'europe', 'word']",
207,32,41_water_pfas_drinking_chemicals,"['water', 'pfas', 'drinking', 'chemicals', 'epa', 'limits', 'artesian', 'forever', 'epas', 'regulations']",
208,14,42_warrants_neuehealth_acquires_insider,"['warrants', 'neuehealth', 'acquires', 'insider', '6186', 'worth', '7423', '1237', '4949', 'insiders']",
209,7,44_brick_green_partners_homebuilder,"['brick', 'green', 'partners', 'homebuilder', '8k', 'dallasfort', 'grbk', 'magaz', 'fortune', 'filing']",
210,5,49_dashboards_monitoring_employee_productivity,"['dashboards', 'monitoring', 'employee', 'productivity', 'ekran', 'improved', 'enhanced', 'released', 'security', '2024ekran']",
211,12,39_valaris_schedules_vallourec_marcus,"['valaris', 'schedules', 'vallourec', 'marcus', 'millichap', 'honor', 'consecutive', 'document', 'registration', 'place']",
212,7,44_compression_usa_distribution_firstquarter,"['compression', 'usa', 'distribution', 'firstquarter', 'partners', '0525', 'usac', '210', 'annualized', 'scheduled']",
213,11,45_insurance_best_credit_shelterpoint,"['insurance', 'best', 'credit', 'shelterpoint', 'rating', 'ratings', 'implications', 'positive', 'life', 'strength']",
214,10,46_golden_bachelor_turner_theresa,"['golden', 'bachelor', 'turner', 'theresa', 'divorce', 'nist', 'gerry', 'couple', 'divorcing', 'marriage']",
215,9,48_macneil_pbs_newshour_robert,"['macneil', 'pbs', 'newshour', 'robert', 'newscast', 'anchor', '93', '1970s', 'nightly', 'dies']",
216,57,32_newcastle_tottenham_40_alexander,"['newcastle', 'tottenham', '40', 'alexander', 'isak', 'eddie', 'win', 'van', 'spurs', 'howe']",
217,20,39_disney_disneyland_goofy_park,"['disney', 'disneyland', 'goofy', 'park', 'toast', 'disabilities', 'disneys', 'monopoly', 'late', 'disability']",
218,27,49_durham_declared_championship_county,"['durham', 'declared', 'championship', 'county', 'runs', 'scores', 'sibley', 'gay', 'middlesex', 'emilio']",
219,13,45_messi_lionel_sporting_inter,"['messi', 'lionel', 'sporting', 'inter', 'kc', 'goal', 'assist', 'fifth', 'miami', '32']",
220,7,49_crane_exelon_cannabis_chris,"['crane', 'exelon', 'cannabis', 'chris', 'pot', '2012', 'legal', 'hochuls', '65', 'gov']",
221,27,39_detroit_headquarters_motors_general,"['detroit', 'headquarters', 'motors', 'general', 'downtown', 'renaissance', 'gm', 'redevelop', 'center', 'hudsons']",
222,22,43_tax_filing_file_deadline,"['tax', 'filing', 'file', 'deadline', 'irs', 'taxpayers', 'taxes', 'returns', 'americans', 'hr']",
223,10,46_anglogold_ashanti_ashanti2024_plcagaanglogold,"['anglogold', 'ashanti', 'ashanti2024', 'plcagaanglogold', 'wwwreportsanglogoldashanticom2024', 'anual', 'assembleia', 'edital', 'hoje', 'geral']",
224,9,48_model_clearbridge_vista_reconsider,"['model', 'clearbridge', 'vista', 'reconsider', 'equity', 'letter', 'investments', 'proposed', 'acquisition', 'undervalues']",
225,19,42_union_workers_southern_voting,"['union', 'workers', 'southern', 'voting', 'governors', 'jeopardy', 'vote', 'jobs', 'tennessee', 'norfolk']",
226,7,48_flags_850_theme_notes,"['flags', '850', 'theme', 'notes', 'secured', 'senior', 'offering', 'park', 'entertainment', 'regional']",
